cont,name,formula,adduct,charge,mass
"1,8-Diazabicyclo[5.4.0]undec-7-ene",DBU,C9H16N2,[M+H],1,153.138625
4-Dimethylaminopyridin,DMAP,C7H10N2,[M+H],1,123.091674
Acetonitrile/Acetic Acid,ACN/AA,CH3CNCH3COOH,[M+H],1,102.054955
Acetonitrile/Acetic Acid,ACN/AA Na,CH3CNCH3COOH,[M+Na],1,124.036898
Acetonitrile/Formic Acid,ACN/FA,CH3CNHCOOH,[M+H],1,88.039304
Acetonitrile/Methanol,ACN/MeOH,CH3CNCH3OH,[M+H],1,74.06004
Acetonitrile/Methanol,ACN/MeOH Na,CH3CNCH3OH,[M+Na],1,96.041983
Behentrimonium chloride,BTAC-228-Cl,C25H54N,[M+],1,368.425077
Bis(2-ethylhexyl) adipate,DEHA,C22H42O4,[M+H],1,371.315586
Butylated hydroxyanisole,BHA,C11H16O2,[M+H],1,181.122306
Butylated hydroxyanisole,BHA Na,C11H16O2,[M+Na],1,203.104249
Butylated hydroxytoluene,BHT,C15H24O,[M+H],1,221.189991
Butylated hydroxytoluene,BHT Na,C15H24O,[M+Na],1,243.171935
CHAPS,CHAPS,C32H58N2O7S,[M+H],1,615.403749
DECYL-PEG,C12H26O2,C12H26O2,[M+H],1,203.200556
DECYL-PEG,C12H26O2 Na,C12H26O2,[M+Na],1,225.182499
DECYL-PEG,C12H26O2 NH4,C12H26O2,[M+NH4],1,220.227106
DECYL-PEG,C14H30O3,C14H30O3,[M+H],1,247.226771
DECYL-PEG,C14H30O3 Na,C14H30O3,[M+Na],1,269.208714
DECYL-PEG,C14H30O3 NH4,C14H30O3,[M+NH4],1,264.253321
DECYL-PEG,C16H34O4,C16H34O4,[M+H],1,291.252986
DECYL-PEG,C16H34O4 Na,C16H34O4,[M+Na],1,313.234929
DECYL-PEG,C16H34O4 NH4,C16H34O4,[M+NH4],1,308.279535
DECYL-PEG,C18H38O5,C18H38O5,[M+H],1,335.2792
DECYL-PEG,C18H38O5 Na,C18H38O5,[M+Na],1,357.261144
DECYL-PEG,C18H38O5 NH4,C18H38O5,[M+NH4],1,352.30575
DECYL-PEG,C20H42O6,C20H42O6,[M+H],1,379.305415
DECYL-PEG,C20H42O6 Na,C20H42O6,[M+Na],1,401.287358
DECYL-PEG,C20H42O6 NH4,C20H42O6,[M+NH4],1,396.331965
DECYL-PEG,C22H46O7,C22H46O7,[M+H],1,423.33163
DECYL-PEG,C22H46O7 Na,C22H46O7,[M+Na],1,445.313573
DECYL-PEG,C22H46O7 NH4,C22H46O7,[M+NH4],1,440.35818
DECYL-PEG,C24H50O8,C24H50O8,[M+H],1,467.357845
DECYL-PEG,C24H50O8 Na,C24H50O8,[M+Na],1,489.339788
DECYL-PEG,C24H50O8 NH4,C24H50O8,[M+NH4],1,484.384394
DECYL-PEG,C26H54O9,C26H54O9,[M+H],1,511.38406
DECYL-PEG,C26H54O9 Na,C26H54O9,[M+Na],1,533.366003
DECYL-PEG,C26H54O9 NH4,C26H54O9,[M+NH4],1,528.410609
DECYL-PEG,C28H58O10,C28H58O10,[M+H],1,555.410274
DECYL-PEG,C28H58O10 Na,C28H58O10,[M+Na],1,577.392217
DECYL-PEG,C28H58O10 NH4,C28H58O10,[M+NH4],1,572.436824
DECYL-PEG,C30H62O11,C30H62O11,[M+H],1,599.436489
DECYL-PEG,C30H62O11 Na,C30H62O11,[M+Na],1,621.418432
DECYL-PEG,C30H62O11 NH4,C30H62O11,[M+NH4],1,616.463039
DECYL-PEG,C32H66O12,C32H66O12,[M+H],1,643.462704
DECYL-PEG,C32H66O12 Na,C32H66O12,[M+Na],1,665.444647
DECYL-PEG,C32H66O12 NH4,C32H66O12,[M+NH4],1,660.489253
DECYL-PEG,C34H70O13,C34H70O13,[M+H],1,687.488919
DECYL-PEG,C34H70O13 Na,C34H70O13,[M+Na],1,709.470862
DECYL-PEG,C34H70O13 NH4,C34H70O13,[M+NH4],1,704.515468
DECYL-PEG,C36H74O14,C36H74O14,[M+H],1,731.515133
DECYL-PEG,C36H74O14 Na,C36H74O14,[M+Na],1,753.497077
DECYL-PEG,C36H74O14 NH4,C36H74O14,[M+NH4],1,748.541683
DECYL-PEG,C38H78O15,C38H78O15,[M+H],1,775.541348
DECYL-PEG,C38H78O15 Na,C38H78O15,[M+Na],1,797.523291
DECYL-PEG,C38H78O15 NH4,C38H78O15,[M+NH4],1,792.567898
DECYL-PEG,C40H82O16,C40H82O16,[M+H],1,819.567563
DECYL-PEG,C40H82O16 Na,C40H82O16,[M+Na],1,841.549506
DECYL-PEG,C40H82O16 NH4,C40H82O16,[M+NH4],1,836.594113
DECYL-PEG,C42H86O17,C42H86O17,[M+H],1,863.593778
DECYL-PEG,C42H86O17 Na,C42H86O17,[M+Na],1,885.575721
DECYL-PEG,C42H86O17 NH4,C42H86O17,[M+NH4],1,880.620327
DECYL-PEG,C44H90O18,C44H90O18,[M+H],1,907.619992
DECYL-PEG,C44H90O18 Na,C44H90O18,[M+Na],1,929.601936
DECYL-PEG,C44H90O18 NH4,C44H90O18,[M+NH4],1,924.646542
DECYL-PEG,C46H94O19,C46H94O19,[M+H],1,951.646207
DECYL-PEG,C46H94O19 Na,C46H94O19,[M+Na],1,973.62815
DECYL-PEG,C46H94O19 NH4,C46H94O19,[M+NH4],1,968.672757
DECYL-PEG,C48H98O20,C48H98O20,[M+H],1,995.672422
DECYL-PEG,C48H98O20 Na,C48H98O20,[M+Na],1,1017.654365
DECYL-PEG,C48H98O20 NH4,C48H98O20,[M+NH4],1,1012.698972
Denatonium,Bitrex,C21H28N2O,[M+H],1,325.22744
Dibutyl sebacate,DBS,C18H34O4,[M+H],1,315.252986
Dicyclohexylurea,2DCU,C26H48N4O2,[M+H],1,449.385003
Dicyclohexylurea,DCU,C13H24N2O,[M+H],1,225.196139
"Didodecyl 3,3'-thiodipropionate ",DDTDP ,C30H58O4S,[M+H],1,515.412857
"Didodecyl 3,3'-thiodipropionate ",DDTDP oxidized to sulfone,C30H58O6S,[M+H],1,547.402687
"Didodecyl 3,3'-thiodipropionate ",DDTDP oxidized to sulfoxide,C30H58O5S,[M+H],1,531.407772
"Didodecyl 3,3'-thiodipropionate ",DDTDP oxidized to sulfoxide - Na+,C30H58O5S,[M+Na],1,553.389715
Diethylene glycol monobutyl ether,2DGBE,C16H36O6,[M+H],1,325.258465
Diethylene glycol monobutyl ether,DGBE,C8H18O3,[M+H],1,163.132871
Dimethyl formamide,DMF,C3H7NO,[M+H],1,74.06004
Dimethylsulfoxide,2DMSO,C4H12O2S2,[M+H],1,157.035147
Dimethylsulfoxide,2DMSO Na,C4H12O2S2,[M+Na],1,179.01709
Dimethylsulfoxide,3DMSO Na,C6H18O3S3,[M+Na],1,257.031026
Dimethylsulfoxide,DMSO,C2H6OS,[M+H],1,79.021212
Dimethylsulfoxide,DMSO Na,C2H6OS,[M+Na],1,101.003155
Dimethylsulfoxide\acetonitrile,DMSO\ACN,C2H6OSCH3CN,[M+H],1,120.047761
Dimethylsulfoxide\acetonitrile,DMSO\ACN Na,C2H6OSCH3CN,[M+Na],1,142.029704
Dimethylsulfoxide\acetonitrile,DMSO\ACN NH4,C2H6OSCH3CN,[M+NH4],1,137.07431
Dioctyl adipate ,DOA,C22H42O4,[M+H],1,371.315586
Dipalmityldimethylammonium chloride,DPDMA,C34H72N,[M+],1,494.565928
Diphenyl ketone,DPK,C13H10O,[M+H],1,183.080441
Distearyldimethylammonium chloride,DSM,C38H80N,[M+],1,550.628528
Erucamide,Erucamide,C22H43NO,[M+H],1,338.341741
Erucamide,Erucamide Na,C22H43NO,[M+Na],1,360.323684
GE,C8H18O3Na,C8H18O3,[M+Na],1,185.114814
IGEPAL-630/NP40,(C2H4O)1,C15H24OC2H4O1,[M+H],1,265.216206
IGEPAL-630/NP40,(C2H4O)10,C15H24OC20H40O10,[M+H],1,661.452139
IGEPAL-630/NP40,(C2H4O)11,C15H24OC22H44O11,[M+H],1,705.478354
IGEPAL-630/NP40,(C2H4O)12,C15H24OC24H48O12,[M+H],1,749.504569
IGEPAL-630/NP40,(C2H4O)13,C15H24OC26H52O13,[M+H],1,793.530783
IGEPAL-630/NP40,(C2H4O)14,C15H24OC28H56O14,[M+H],1,837.556998
IGEPAL-630/NP40,(C2H4O)15,C15H24OC30H60O15,[M+H],1,881.583213
IGEPAL-630/NP40,(C2H4O)16,C15H24OC32H64O16,[M+H],1,925.609428
IGEPAL-630/NP40,(C2H4O)17,C15H24OC34H68O17,[M+H],1,969.635643
IGEPAL-630/NP40,(C2H4O)18,C15H24OC36H72O18,[M+H],1,1013.661857
IGEPAL-630/NP40,(C2H4O)19,C15H24OC38H76O19,[M+H],1,1057.688072
IGEPAL-630/NP40,(C2H4O)2,C15H24OC4H8O2,[M+H],1,309.242421
IGEPAL-630/NP40,(C2H4O)20,C15H24OC40H80O20,[M+H],1,1101.714287
IGEPAL-630/NP40,(C2H4O)21,C15H24OC42H84O21,[M+H],1,1145.740502
IGEPAL-630/NP40,(C2H4O)22,C15H24OC44H88O22,[M+H],1,1189.766716
IGEPAL-630/NP40,(C2H4O)23,C15H24OC46H92O23,[M+H],1,1233.792931
IGEPAL-630/NP40,(C2H4O)24,C15H24OC48H96O24,[M+H],1,1277.819146
IGEPAL-630/NP40,(C2H4O)3,C15H24OC6H12O3,[M+H],1,353.268636
IGEPAL-630/NP40,(C2H4O)4,C15H24OC8H16O4,[M+H],1,397.294851
IGEPAL-630/NP40,(C2H4O)5,C15H24OC10H20O5,[M+H],1,441.321065
IGEPAL-630/NP40,(C2H4O)6,C15H24OC12H24O6,[M+H],1,485.34728
IGEPAL-630/NP40,(C2H4O)7,C15H24OC14H28O7,[M+H],1,529.373495
IGEPAL-630/NP40,(C2H4O)8,C15H24OC16H32O8,[M+H],1,573.39971
IGEPAL-630/NP40,(C2H4O)9,C15H24OC18H36O9,[M+H],1,617.425924
Irganox,Irganox,C35H62O3,[M+H],1,531.477172
Irganox,Irganox Na,C35H62O3,[M+Na],1,553.459115
Methanol/Water,2MeOH/H2O,C2H6O2H2H4O2,[M+H],1,101.080835
Methanol/Water,2MeOH/H2O Na,C2H6O2H2H4O2,[M+Na],1,123.062778
Methanol/Water,3MeOH/H2O,C3H9O3H3H4O2,[M+H],1,133.10705
Methanol/Water,3MeOH/H2O Na,C3H9O3H3H4O2,[M+Na],1,155.088993
Methanol/Water,4MeOH/H2O,C4H12O4H4H6O3,[M+H],1,183.143829
Methanol/Water,4MeOH/H2O Na,C4H12O4H4H6O3,[M+Na],1,205.125772
Monomethoxytrityl cation,MMT,C20H17O,[M+],1,273.127392
"N, N-Diisopropylethylamine",DIPEA,C8H19N,[M+H],1,130.159026
"n,n-bis(2-hydroxyethyl) dodecanamide","n,n-DDA",C16H33NO3,[M+H],1,288.25332
n-butyl benzenesulfonamide,n-BBS,C10H15NO2S,[M+H],1,214.089625
n-butyl benzenesulfonamide,n-BBS Na,C10H15NO2S,[M+Na],1,236.071569
n-butyl benzenesulfonamide,n-BBS NH4,C10H15NO2S,[M+NH4],1,231.116175
N-methyl 2-pyrrolidone,NMP,C5H10NO,[M+H],1,101.083515
n-Nonyl PEG,C11H24O2,C11H24O2,[M+H],1,189.184906
n-Nonyl PEG,C11H24O2 Na,C11H24O2,[M+Na],1,211.166849
n-Nonyl PEG,C11H24O2 NH4,C11H24O2,[M+NH4],1,206.211456
n-Nonyl PEG,C13H28O3  ,C13H28O3,[M+H],1,233.211121
n-Nonyl PEG,C13H28O3 Na,C13H28O3,[M+Na],1,255.193064
n-Nonyl PEG,C13H28O3 NH4,C13H28O3,[M+NH4],1,250.23767
n-Nonyl PEG,C15H32O4,C15H32O4,[M+H],1,277.237336
n-Nonyl PEG,C15H32O4 Na,C15H32O4,[M+Na],1,299.219279
n-Nonyl PEG,C15H32O4 NH4,C15H32O4,[M+NH4],1,294.263885
n-Nonyl PEG,C17H36O5,C17H36O5,[M+H],1,321.26355
n-Nonyl PEG,C17H36O5 Na,C17H36O5,[M+Na],1,343.245494
n-Nonyl PEG,C17H36O5 NH4,C17H36O5,[M+NH4],1,338.2901
n-Nonyl PEG,C19H40O6,C19H40O6,[M+H],1,365.289765
n-Nonyl PEG,C19H40O6 Na,C19H40O6,[M+Na],1,387.271708
n-Nonyl PEG,C19H40O6 NH4,C19H40O6,[M+NH4],1,382.316315
n-Nonyl PEG,C21H44O7,C21H44O7,[M+H],1,409.31598
n-Nonyl PEG,C21H44O7 Na,C21H44O7,[M+Na],1,431.297923
n-Nonyl PEG,C21H44O7 NH4,C21H44O7,[M+NH4],1,426.34253
n-Nonyl PEG,C23H48O8,C23H48O8,[M+H],1,453.342195
n-Nonyl PEG,C23H48O8 Na,C23H48O8,[M+Na],1,475.324138
n-Nonyl PEG,C23H48O8 NH4,C23H48O8,[M+NH4],1,470.368744
n-Nonyl PEG,C25H52O9,C25H52O9,[M+H],1,497.368409
n-Nonyl PEG,C25H52O9 Na,C25H52O9,[M+Na],1,519.350353
n-Nonyl PEG,C25H52O9 NH4,C25H52O9,[M+NH4],1,514.394959
n-Nonyl PEG,C27H56O10,C27H56O10,[M+H],1,541.394624
n-Nonyl PEG,C27H56O10 Na,C27H56O10,[M+Na],1,563.376567
n-Nonyl PEG,C27H56O10 NH4,C27H56O10,[M+NH4],1,558.421174
n-Nonyl PEG,C29H60O11,C29H60O11,[M+H],1,585.420839
n-Nonyl PEG,C29H60O11 Na,C29H60O11,[M+Na],1,607.402782
n-Nonyl PEG,C29H60O11 NH4,C29H60O11,[M+NH4],1,602.447389
n-Nonyl PEG,C31H64O12,C31H64O12,[M+H],1,629.447054
n-Nonyl PEG,C31H64O12 Na,C31H64O12,[M+Na],1,651.428997
n-Nonyl PEG,C31H64O12 NH4,C31H64O12,[M+NH4],1,646.473603
n-Nonyl PEG,C33H68O13,C33H68O13,[M+H],1,673.473269
n-Nonyl PEG,C33H68O13 Na,C33H68O13,[M+Na],1,695.455212
n-Nonyl PEG,C33H68O13 NH4,C33H68O13,[M+NH4],1,690.499818
n-Nonyl PEG,C35H72O14,C35H72O14,[M+H],1,717.499483
n-Nonyl PEG,C35H72O14 Na,C35H72O14,[M+Na],1,739.481426
n-Nonyl PEG,C35H72O14 NH4,C35H72O14,[M+NH4],1,734.526033
n-Nonyl PEG,C37H76O15,C37H76O15,[M+H],1,761.525698
n-Nonyl PEG,C37H76O15 Na,C37H76O15,[M+Na],1,783.507641
n-Nonyl PEG,C37H76O15 NH4,C37H76O15,[M+NH4],1,778.552248
n-Nonyl PEG,C39H80O16,C39H80O16,[M+H],1,805.551913
n-Nonyl PEG,C39H80O16 Na,C39H80O16,[M+Na],1,827.533856
n-Nonyl PEG,C39H80O16 NH4,C39H80O16,[M+NH4],1,822.578462
n-Nonyl PEG,C41H84O17,C41H84O17,[M+H],1,849.578128
n-Nonyl PEG,C41H84O17 Na,C41H84O17,[M+Na],1,871.560071
n-Nonyl PEG,C41H84O17 NH4,C41H84O17,[M+NH4],1,866.604677
n-Nonyl PEG,C43H88O18,C43H88O18,[M+H],1,893.604342
n-Nonyl PEG,C43H88O18 Na,C43H88O18,[M+Na],1,915.586286
n-Nonyl PEG,C43H88O18 NH4,C43H88O18,[M+NH4],1,910.630892
n-Nonyl PEG,C45H92O19,C45H92O19,[M+H],1,937.630557
n-Nonyl PEG,C45H92O19 Na,C45H92O19,[M+Na],1,959.6125
n-Nonyl PEG,C45H92O19 NH4,C45H92O19,[M+NH4],1,954.657107
n-Nonyl PEG,C47H96O20,C47H96O20,[M+H],1,981.656772
n-Nonyl PEG,C47H96O20 Na,C47H96O20,[M+Na],1,1003.638715
n-Nonyl PEG,C47H96O20 NH4,C47H96O20,[M+NH4],1,998.683322
nylon ,C24H44N4O4H,C24H44N4O4,[M+H],1,453.343532
nylon ,C36H66N6O6H,C36H66N6O6,[M+H],1,679.51166
nylon ,C48H88N8O8H,C48H88N8O8,[M+H],1,905.679788
Oleamide,Oleamide,C18H35NO,[M+H],1,282.279141
Oleamide,Oleamide Na,C18H35NO,[M+Na],1,304.261084
Palmitamidopropyl-trimonium chloride,PAPTCl,C22H47N2O,[M+],1,355.368291
PEG,PEG1,C2H4O1H2O,[M+H],1,63.044055
PEG,PEG1_Na,C2H4O1H2O,[M+Na],1,85.025999
PEG,PEG1_NH4,C2H4O1H2O,[M+NH4],1,80.070605
PEG,PEG10,C20H40O10H2O,[M+H],1,459.279988
PEG,PEG10_Na,C20H40O10H2O,[M+Na],1,481.261932
PEG,PEG10_NH4,C20H40O10H2O,[M+NH4],1,476.306538
PEG,PEG11,C22H44O11H2O,[M+H],1,503.306203
PEG,PEG11_Na,C22H44O11H2O,[M+Na],1,525.288146
PEG,PEG11_NH4,C22H44O11H2O,[M+NH4],1,520.332753
PEG,PEG12,C24H48O12H2O,[M+H],1,547.332418
PEG,PEG12_Na,C24H48O12H2O,[M+Na],1,569.314361
PEG,PEG12_NH4,C24H48O12H2O,[M+NH4],1,564.358968
PEG,PEG13,C26H52O13H2O,[M+H],1,591.358633
PEG,PEG13_Na,C26H52O13H2O,[M+Na],1,613.340576
PEG,PEG13_NH4,C26H52O13H2O,[M+NH4],1,608.385182
PEG,PEG14,C28H56O14H2O,[M+H],1,635.384847
PEG,PEG14_Na,C28H56O14H2O,[M+Na],1,657.366791
PEG,PEG14_NH4,C28H56O14H2O,[M+NH4],1,652.411397
PEG,PEG15,C30H60O15H2O,[M+H],1,679.411062
PEG,PEG15_Na,C30H60O15H2O,[M+Na],1,701.393005
PEG,PEG15_NH4,C30H60O15H2O,[M+NH4],1,696.437612
PEG,PEG16,C32H64O16H2O,[M+H],1,723.437277
PEG,PEG16_Na,C32H64O16H2O,[M+Na],1,745.41922
PEG,PEG16_NH4,C32H64O16H2O,[M+NH4],1,740.463827
PEG,PEG17,C34H68O17H2O,[M+H],1,767.463492
PEG,PEG17_Na,C34H68O17H2O,[M+Na],1,789.445435
PEG,PEG17_NH4,C34H68O17H2O,[M+NH4],1,784.490041
PEG,PEG18,C36H72O18H2O,[M+H],1,811.489707
PEG,PEG18_Na,C36H72O18H2O,[M+Na],1,833.47165
PEG,PEG18_NH4,C36H72O18H2O,[M+NH4],1,828.516256
PEG,PEG19,C38H76O19H2O,[M+H],1,855.515921
PEG,PEG19_Na,C38H76O19H2O,[M+Na],1,877.497864
PEG,PEG19_NH4,C38H76O19H2O,[M+NH4],1,872.542471
PEG,PEG2,C4H8O2H2O,[M+H],1,107.07027
PEG,PEG2_Na,C4H8O2H2O,[M+Na],1,129.052213
PEG,PEG2_NH4,C4H8O2H2O,[M+NH4],1,124.09682
PEG,PEG20,C40H80O20H2O,[M+H],1,899.542136
PEG,PEG20_Na,C40H80O20H2O,[M+Na],1,921.524079
PEG,PEG20_NH4,C40H80O20H2O,[M+NH4],1,916.568686
PEG,PEG3,C6H12O3H2O,[M+H],1,151.096485
PEG,PEG3_Na,C6H12O3H2O,[M+Na],1,173.078428
PEG,PEG3_NH4,C6H12O3H2O,[M+NH4],1,168.123035
PEG,PEG4,C8H16O4H2O,[M+H],1,195.1227
PEG,PEG4_Na,C8H16O4H2O,[M+Na],1,217.104643
PEG,PEG4_NH4,C8H16O4H2O,[M+NH4],1,212.149249
PEG,PEG5,C10H20O5H2O,[M+H],1,239.148915
PEG,PEG5_Na,C10H20O5H2O,[M+Na],1,261.130858
PEG,PEG5_NH4,C10H20O5H2O,[M+NH4],1,256.175464
PEG,PEG6,C12H24O6H2O,[M+H],1,283.175129
PEG,PEG6_Na,C12H24O6H2O,[M+Na],1,305.157072
PEG,PEG6_NH4,C12H24O6H2O,[M+NH4],1,300.201679
PEG,PEG7,C14H28O7H2O,[M+H],1,327.201344
PEG,PEG7_Na,C14H28O7H2O,[M+Na],1,349.183287
PEG,PEG7_NH4,C14H28O7H2O,[M+NH4],1,344.227894
PEG,PEG8,C16H32O8H2O,[M+H],1,371.227559
PEG,PEG8_Na,C16H32O8H2O,[M+Na],1,393.209502
PEG,PEG8_NH4,C16H32O8H2O,[M+NH4],1,388.254108
PEG,PEG9,C18H36O9H2O,[M+H],1,415.253774
PEG,PEG9_Na,C18H36O9H2O,[M+Na],1,437.235717
PEG,PEG9_NH4,C18H36O9H2O,[M+NH4],1,432.280323
Phenyldiethylamine,PEA,C10H15N,[M+H],1,150.127726
Phthalate esters,2DEHP K,C48H76O8,[M+K],1,819.517179
Phthalate esters,2DEHP Na,C48H76O8,[M+Na],1,803.543239
Phthalate esters,2DEHP NH4,C48H76O8,[M+NH4],1,798.587845
Phthalate esters,DEHP,C24H38O4,[M+H],1,391.284286
Phthalate esters,DEHP K,C24H38O4,[M+K],1,429.240169
Phthalate esters,DEHP Na,C24H38O4,[M+Na],1,413.266229
Phthalate esters,DEHP/ACN Na,C24H38O4CH3CN,[M+Na],1,454.292778
Phthalate esters,Dibutylphthalate,C16H22O4,[M+H],1,279.159085
Phthalate esters,Dibutylphthalate K,C16H22O4,[M+K],1,317.114968
Phthalate esters,Dibutylphthalate Na,C16H22O4,[M+Na],1,301.141028
Phthalate esters,Dimethyl phthalate,C10H10O4,[M+H],1,195.065185
Phthalate esters,Dimethyl phthalate-CH3OH,C9H6O3,[M+H],1,163.03897
Phthalate esters,Phthalic anhydride,C8H4O3,[M+H],1,149.02332
Phthalate esters,Phthalic anhydride Na,C8H4O3,[M+Na],1,171.005263
Polysiloxane,C10H30Si5O5H,C10H30Si5O5,[M+H],1,371.101233
Polysiloxane,C10H30Si5O5H-CH4,C9H26Si5O5,[M+H],1,355.069933
Polysiloxane,C10H30Si5O5NH4,C10H30Si5O5,[M+NH4],1,388.127782
Polysiloxane,C12H36Si6O6H,C12H36Si6O6,[M+H],1,445.120024
Polysiloxane,C12H36Si6O6H-CH4,C11H32Si6O6,[M+H],1,429.088724
Polysiloxane,C12H36Si6O6NH4,C12H36Si6O6,[M+NH4],1,462.146574
Polysiloxane,C14H42Si7O7H,C14H42Si7O7,[M+H],1,519.138815
Polysiloxane,C14H42Si7O7H-CH4,C13H38Si7O7,[M+H],1,503.107515
Polysiloxane,C14H42Si7O7NH4,C14H42Si7O7,[M+NH4],1,536.165365
Polysiloxane,C16H48Si8O8H,C16H48Si8O8,[M+H],1,593.157607
Polysiloxane,C16H48Si8O8H-CH4,C15H44Si8O8,[M+H],1,577.126307
Polysiloxane,C16H48Si8O8NH4,C16H48Si8O8,[M+NH4],1,610.184156
Polysiloxane,C18H54Si9O9H,C18H54Si9O9,[M+H],1,667.176398
Polysiloxane,C18H54Si9O9H-CH4,C17H50Si9O9,[M+H],1,651.145098
Polysiloxane,C18H54Si9O9NH4,C18H54Si9O9,[M+NH4],1,684.202948
Polysiloxane,C20H60Si10O10H,C20H60Si10O10,[M+H],1,741.195189
Polysiloxane,C20H60Si10O10H-CH4,C19H56Si10O10,[M+H],1,725.163889
Polysiloxane,C20H60Si10O10NH4,C20H60Si10O10,[M+NH4],1,758.221739
PPG,PPG1,C3H6O1H2O,[M+H],1,77.059706
PPG,PPG1_Na,C3H6O1H2O,[M+Na],1,99.041649
PPG,PPG1_NH4,C3H6O1H2O,[M+NH4],1,94.086255
PPG,PPG10,C30H60O10H2O,[M+H],1,599.436489
PPG,PPG10_Na,C30H60O10H2O,[M+Na],1,621.418432
PPG,PPG10_NH4,C30H60O10H2O,[M+NH4],1,616.463039
PPG,PPG11,C33H66O11H2O,[M+H],1,657.478354
PPG,PPG11_Na,C33H66O11H2O,[M+Na],1,679.460297
PPG,PPG11_NH4,C33H66O11H2O,[M+NH4],1,674.504904
PPG,PPG12,C36H72O12H2O,[M+H],1,715.520219
PPG,PPG12_Na,C36H72O12H2O,[M+Na],1,737.502162
PPG,PPG12_NH4,C36H72O12H2O,[M+NH4],1,732.546768
PPG,PPG13,C39H78O13H2O,[M+H],1,773.562084
PPG,PPG13_Na,C39H78O13H2O,[M+Na],1,795.544027
PPG,PPG13_NH4,C39H78O13H2O,[M+NH4],1,790.588633
PPG,PPG14,C42H84O14H2O,[M+H],1,831.603948
PPG,PPG14_Na,C42H84O14H2O,[M+Na],1,853.585892
PPG,PPG14_NH4,C42H84O14H2O,[M+NH4],1,848.630498
PPG,PPG15,C45H90O15H2O,[M+H],1,889.645813
PPG,PPG15_Na,C45H90O15H2O,[M+Na],1,911.627756
PPG,PPG15_NH4,C45H90O15H2O,[M+NH4],1,906.672363
PPG,PPG16,C48H96O16H2O,[M+H],1,947.687678
PPG,PPG16_Na,C48H96O16H2O,[M+Na],1,969.669621
PPG,PPG16_NH4,C48H96O16H2O,[M+NH4],1,964.714228
PPG,PPG17,C51H102O17H2O,[M+H],1,1005.729543
PPG,PPG17_Na,C51H102O17H2O,[M+Na],1,1027.711486
PPG,PPG17_NH4,C51H102O17H2O,[M+NH4],1,1022.756093
PPG,PPG18,C54H108O18H2O,[M+H],1,1063.771408
PPG,PPG18_Na,C54H108O18H2O,[M+Na],1,1085.753351
PPG,PPG18_NH4,C54H108O18H2O,[M+NH4],1,1080.797957
PPG,PPG19,C57H114O19H2O,[M+H],1,1121.813273
PPG,PPG19_Na,C57H114O19H2O,[M+Na],1,1143.795216
PPG,PPG19_NH4,C57H114O19H2O,[M+NH4],1,1138.839822
PPG,PPG2,C6H12O2H2O,[M+H],1,135.10157
PPG,PPG2_Na,C6H12O2H2O,[M+Na],1,157.083514
PPG,PPG2_NH4,C6H12O2H2O,[M+NH4],1,152.12812
PPG,PPG20,C60H120O20H2O,[M+H],1,1179.855138
PPG,PPG20_Na,C60H120O20H2O,[M+Na],1,1201.837081
PPG,PPG20_NH4,C60H120O20H2O,[M+NH4],1,1196.881687
PPG,PPG3,C9H18O3H2O,[M+H],1,193.143435
PPG,PPG3_Na,C9H18O3H2O,[M+Na],1,215.125378
PPG,PPG3_NH4,C9H18O3H2O,[M+NH4],1,210.169985
PPG,PPG4,C12H24O4H2O,[M+H],1,251.1853
PPG,PPG4_Na,C12H24O4H2O,[M+Na],1,273.167243
PPG,PPG4_NH4,C12H24O4H2O,[M+NH4],1,268.21185
PPG,PPG5,C15H30O5H2O,[M+H],1,309.227165
PPG,PPG5_Na,C15H30O5H2O,[M+Na],1,331.209108
PPG,PPG5_NH4,C15H30O5H2O,[M+NH4],1,326.253714
PPG,PPG6,C18H36O6H2O,[M+H],1,367.26903
PPG,PPG6_Na,C18H36O6H2O,[M+Na],1,389.250973
PPG,PPG6_NH4,C18H36O6H2O,[M+NH4],1,384.295579
PPG,PPG7,C21H42O7H2O,[M+H],1,425.310895
PPG,PPG7_Na,C21H42O7H2O,[M+Na],1,447.292838
PPG,PPG7_NH4,C21H42O7H2O,[M+NH4],1,442.337444
PPG,PPG8,C24H48O8H2O,[M+H],1,483.352759
PPG,PPG8_Na,C24H48O8H2O,[M+Na],1,505.334703
PPG,PPG8_NH4,C24H48O8H2O,[M+NH4],1,500.379309
PPG,PPG9,C27H54O9H2O,[M+H],1,541.394624
PPG,PPG9_Na,C27H54O9H2O,[M+Na],1,563.376567
PPG,PPG9_NH4,C27H54O9H2O,[M+NH4],1,558.421174
Sodium acetate,C2H3O2NaNa,C2H3O2Na,[M+Na],1,104.992291
Sodium trifluoroacetate,NaTFA,C2F3O2Na,[M+Na],1,158.964026
Stearamide,Stearamide,C18H37NO,[M+H],1,284.294791
Stearamide,Stearamide Na,C18H37NO,[M+Na],1,306.276734
Stearyl-palmityldimethylammonium chloride,SPDMA,C36H76N,[M+],1,522.597228
Tetrabutylammonium ion,TBA,C16H36N,[M+],1,242.284227
Tributyl amine,TBA,C12H27N,[M+H],1,186.221626
Tributyl phosphate,TBP,C12H27O4P,[M+H],1,267.171972
Triethylamine,TEA,C6H15N,[M+H],1,102.127726
Triphenyl phosphate ,TPP,C18H15O4P,[M+H],1,327.078072
Triphenylphosphine oxide,TPO,C18H15OP,[M+H],1,279.093328
Tripropylamine,TPA,C9H21N,[M+H],1,144.174676
tris(hydroxymethyl)aminomethane,TRIS,C4H11NO3,[M+H],1,122.081169
Triton 101 ,(C2H4O)1 H,C15H24OC2H4O1,[M+H],1,265.216206
Triton 101 ,(C2H4O)1 Na,C15H24OC2H4O1,[M+Na],1,287.198149
Triton 101 ,(C2H4O)1 NH4,C15H24OC2H4O1,[M+NH4],1,282.242756
Triton 101 ,(C2H4O)10 H,C15H24OC20H40O10,[M+H],1,661.452139
Triton 101 ,(C2H4O)10 Na,C15H24OC20H40O10,[M+Na],1,683.434082
Triton 101 ,(C2H4O)10 NH4,C15H24OC20H40O10,[M+NH4],1,678.478689
Triton 101 ,(C2H4O)11 H,C15H24OC22H44O11,[M+H],1,705.478354
Triton 101 ,(C2H4O)11 Na,C15H24OC22H44O11,[M+Na],1,727.460297
Triton 101 ,(C2H4O)11 NH4,C15H24OC22H44O11,[M+NH4],1,722.504904
Triton 101 ,(C2H4O)12 H,C15H24OC24H48O12,[M+H],1,749.504569
Triton 101 ,(C2H4O)12 Na,C15H24OC24H48O12,[M+Na],1,771.486512
Triton 101 ,(C2H4O)12 NH4,C15H24OC24H48O12,[M+NH4],1,766.531118
Triton 101 ,(C2H4O)13 H,C15H24OC26H52O13,[M+H],1,793.530783
Triton 101 ,(C2H4O)13 Na,C15H24OC26H52O13,[M+Na],1,815.512727
Triton 101 ,(C2H4O)13 NH4,C15H24OC26H52O13,[M+NH4],1,810.557333
Triton 101 ,(C2H4O)14 H,C15H24OC28H56O14,[M+H],1,837.556998
Triton 101 ,(C2H4O)14 Na,C15H24OC28H56O14,[M+Na],1,859.538941
Triton 101 ,(C2H4O)14 NH4,C15H24OC28H56O14,[M+NH4],1,854.583548
Triton 101 ,(C2H4O)15 H,C15H24OC30H60O15,[M+H],1,881.583213
Triton 101 ,(C2H4O)15 Na,C15H24OC30H60O15,[M+Na],1,903.565156
Triton 101 ,(C2H4O)15 NH4,C15H24OC30H60O15,[M+NH4],1,898.609763
Triton 101 ,(C2H4O)16 H,C15H24OC32H64O16,[M+H],1,925.609428
Triton 101 ,(C2H4O)16 Na,C15H24OC32H64O16,[M+Na],1,947.591371
Triton 101 ,(C2H4O)16 NH4,C15H24OC32H64O16,[M+NH4],1,942.635977
Triton 101 ,(C2H4O)17 H,C15H24OC34H68O17,[M+H],1,969.635643
Triton 101 ,(C2H4O)17 Na,C15H24OC34H68O17,[M+Na],1,991.617586
Triton 101 ,(C2H4O)17 NH4,C15H24OC34H68O17,[M+NH4],1,986.662192
Triton 101 ,(C2H4O)18 H,C15H24OC36H72O18,[M+H],1,1013.661857
Triton 101 ,(C2H4O)18 Na,C15H24OC36H72O18,[M+Na],1,1035.6438
Triton 101 ,(C2H4O)18 NH4,C15H24OC36H72O18,[M+NH4],1,1030.688407
Triton 101 ,(C2H4O)19 H,C15H24OC38H76O19,[M+H],1,1057.688072
Triton 101 ,(C2H4O)19 Na,C15H24OC38H76O19,[M+Na],1,1079.670015
Triton 101 ,(C2H4O)19 NH4,C15H24OC38H76O19,[M+NH4],1,1074.714622
Triton 101 ,(C2H4O)2 H,C15H24OC4H8O2,[M+H],1,309.242421
Triton 101 ,(C2H4O)2 Na,C15H24OC4H8O2,[M+Na],1,331.224364
Triton 101 ,(C2H4O)2 NH4,C15H24OC4H8O2,[M+NH4],1,326.268971
Triton 101 ,(C2H4O)20 H,C15H24OC40H80O20,[M+H],1,1101.714287
Triton 101 ,(C2H4O)20 Na,C15H24OC40H80O20,[M+Na],1,1123.69623
Triton 101 ,(C2H4O)20 NH4,C15H24OC40H80O20,[M+NH4],1,1118.740836
Triton 101 ,(C2H4O)3 H,C15H24OC6H12O3,[M+H],1,353.268636
Triton 101 ,(C2H4O)3 Na,C15H24OC6H12O3,[M+Na],1,375.250579
Triton 101 ,(C2H4O)3 NH4,C15H24OC6H12O3,[M+NH4],1,370.295185
Triton 101 ,(C2H4O)4 H,C15H24OC8H16O4,[M+H],1,397.294851
Triton 101 ,(C2H4O)4 Na,C15H24OC8H16O4,[M+Na],1,419.276794
Triton 101 ,(C2H4O)4 NH4,C15H24OC8H16O4,[M+NH4],1,414.3214
Triton 101 ,(C2H4O)5 H,C15H24OC10H20O5,[M+H],1,441.321065
Triton 101 ,(C2H4O)5 Na,C15H24OC10H20O5,[M+Na],1,463.303008
Triton 101 ,(C2H4O)5 NH4,C15H24OC10H20O5,[M+NH4],1,458.347615
Triton 101 ,(C2H4O)6 H,C15H24OC12H24O6,[M+H],1,485.34728
Triton 101 ,(C2H4O)6 Na,C15H24OC12H24O6,[M+Na],1,507.329223
Triton 101 ,(C2H4O)6 NH4,C15H24OC12H24O6,[M+NH4],1,502.37383
Triton 101 ,(C2H4O)7 H,C15H24OC14H28O7,[M+H],1,529.373495
Triton 101 ,(C2H4O)7 Na,C15H24OC14H28O7,[M+Na],1,551.355438
Triton 101 ,(C2H4O)7 NH4,C15H24OC14H28O7,[M+NH4],1,546.400044
Triton 101 ,(C2H4O)8 H,C15H24OC16H32O8,[M+H],1,573.39971
Triton 101 ,(C2H4O)8 Na,C15H24OC16H32O8,[M+Na],1,595.381653
Triton 101 ,(C2H4O)8 NH4,C15H24OC16H32O8,[M+NH4],1,590.426259
Triton 101 ,(C2H4O)9 H,C15H24OC18H36O9,[M+H],1,617.425924
Triton 101 ,(C2H4O)9 Na,C15H24OC18H36O9,[M+Na],1,639.407868
Triton 101 ,(C2H4O)9 NH4,C15H24OC18H36O9,[M+NH4],1,634.452474
Triton 101 Reduced ,(C2H4O)1,C15H30OC2H4O1,[M+H],1,271.263156
Triton 101 Reduced ,(C2H4O)10,C15H30OC20H40O10,[M+H],1,667.499089
Triton 101 Reduced ,(C2H4O)11,C15H30OC22H44O11,[M+H],1,711.525304
Triton 101 Reduced ,(C2H4O)12,C15H30OC24H48O12,[M+H],1,755.551519
Triton 101 Reduced ,(C2H4O)13,C15H30OC26H52O13,[M+H],1,799.577734
Triton 101 Reduced ,(C2H4O)14,C15H30OC28H56O14,[M+H],1,843.603948
Triton 101 Reduced ,(C2H4O)15,C15H30OC30H60O15,[M+H],1,887.630163
Triton 101 Reduced ,(C2H4O)16,C15H30OC32H64O16,[M+H],1,931.656378
Triton 101 Reduced ,(C2H4O)17,C15H30OC34H68O17,[M+H],1,975.682593
Triton 101 Reduced ,(C2H4O)18,C15H30OC36H72O18,[M+H],1,1019.708808
Triton 101 Reduced ,(C2H4O)19,C15H30OC38H76O19,[M+H],1,1063.735022
Triton 101 Reduced ,(C2H4O)2,C15H30OC4H8O2,[M+H],1,315.289371
Triton 101 Reduced ,(C2H4O)20,C15H30OC40H80O20,[M+H],1,1107.761237
Triton 101 Reduced ,(C2H4O)3,C15H30OC6H12O3,[M+H],1,359.315586
Triton 101 Reduced ,(C2H4O)4,C15H30OC8H16O4,[M+H],1,403.341801
Triton 101 Reduced ,(C2H4O)5,C15H30OC10H20O5,[M+H],1,447.368016
Triton 101 Reduced ,(C2H4O)6,C15H30OC12H24O6,[M+H],1,491.39423
Triton 101 Reduced ,(C2H4O)7,C15H30OC16H32O8,[M+H],1,579.44666
Triton 101 Reduced ,(C2H4O)8,C15H30OC14H28O7,[M+H],1,535.420445
Triton 101 Reduced ,(C2H4O)9,C15H30OC18H36O9,[M+H],1,623.472875
Triton X-100,(C2H4O)1,C14H22OC2H4O1,[M+H],1,251.200556
Triton X-100,(C2H4O)1 Na,C14H22OC2H4O1,[M+Na],1,273.182499
Triton X-100,(C2H4O)1 NH4,C14H22OC2H4O,[M+NH4],1,268.227106
Triton X-100,(C2H4O)10,C14H22OC20H40O10,[M+H],1,647.436489
Triton X-100,(C2H4O)10 Na,C14H22OC20H40O10,[M+Na],1,669.418432
Triton X-100,(C2H4O)10 NH4,C14H22OC20H40O10,[M+NH4],1,664.463039
Triton X-100,(C2H4O)11,C14H22OC22H44O11,[M+H],1,691.462704
Triton X-100,(C2H4O)11 Na,C14H22OC22H44O11,[M+Na],1,713.444647
Triton X-100,(C2H4O)11 NH4,C14H22OC22H44O11,[M+NH4],1,708.489253
Triton X-100,(C2H4O)12,C14H22OC24H48O12,[M+H],1,735.488919
Triton X-100,(C2H4O)12 Na,C14H22OC24H48O12,[M+Na],1,757.470862
Triton X-100,(C2H4O)12 NH4,C14H22OC24H48O12,[M+NH4],1,752.515468
Triton X-100,(C2H4O)13,C14H22OC26H52O13,[M+H],1,779.515133
Triton X-100,(C2H4O)13 Na,C14H22OC26H52O13,[M+Na],1,801.497077
Triton X-100,(C2H4O)13 NH4,C14H22OC26H52O13,[M+NH4],1,796.541683
Triton X-100,(C2H4O)14,C14H22OC28H56O14,[M+H],1,823.541348
Triton X-100,(C2H4O)14 Na,C14H22OC28H56O14,[M+Na],1,845.523291
Triton X-100,(C2H4O)14 NH4,C14H22OC28H56O14,[M+NH4],1,840.567898
Triton X-100,(C2H4O)15,C14H22OC30H60O15,[M+H],1,867.567563
Triton X-100,(C2H4O)15 Na,C14H22OC30H60O15,[M+Na],1,889.549506
Triton X-100,(C2H4O)15 NH4,C14H22OC30H60O15,[M+NH4],1,884.594113
Triton X-100,(C2H4O)16,C14H22OC32H64O16,[M+H],1,911.593778
Triton X-100,(C2H4O)16 Na,C14H22OC32H64O16,[M+Na],1,933.575721
Triton X-100,(C2H4O)16 NH4,C14H22OC32H64O16,[M+NH4],1,928.620327
Triton X-100,(C2H4O)17,C14H22OC34H68O17,[M+H],1,955.619992
Triton X-100,(C2H4O)17 Na,C14H22OC34H68O17,[M+Na],1,977.601936
Triton X-100,(C2H4O)17 NH4,C14H22OC34H68O17,[M+NH4],1,972.646542
Triton X-100,(C2H4O)18,C14H22OC36H72O18,[M+H],1,999.646207
Triton X-100,(C2H4O)18 Na,C14H22OC36H72O18,[M+Na],1,1021.62815
Triton X-100,(C2H4O)18 NH4,C14H22OC36H72O18,[M+NH4],1,1016.672757
Triton X-100,(C2H4O)19,C14H22OC38H76O19,[M+H],1,1043.672422
Triton X-100,(C2H4O)19 Na,C14H22OC38H76O19,[M+Na],1,1065.654365
Triton X-100,(C2H4O)2,C14H22OC4H8O2,[M+H],1,295.226771
Triton X-100,(C2H4O)2 Na,C14H22OC4H8O2,[M+Na],1,317.208714
Triton X-100,(C2H4O)2 NH4,C14H22OC4H8O2,[M+NH4],1,312.253321
Triton X-100,(C2H4O)20,C14H22OC40H80O20,[M+H],1,1087.698637
Triton X-100,(C2H4O)20 Na,C14H22OC40H80O20,[M+Na],1,1109.68058
Triton X-100,(C2H4O)3,C14H22OC6H12O3,[M+H],1,339.252986
Triton X-100,(C2H4O)3 Na,C14H22OC6H12O3,[M+Na],1,361.234929
Triton X-100,(C2H4O)3 NH4,C14H22OC6H12O3,[M+NH4],1,356.279535
Triton X-100,(C2H4O)4,C14H22OC8H16O4,[M+H],1,383.2792
Triton X-100,(C2H4O)4 Na,C14H22OC8H16O4,[M+Na],1,405.261144
Triton X-100,(C2H4O)4 NH4,C14H22OC8H16O4,[M+NH4],1,400.30575
Triton X-100,(C2H4O)5,C14H22OC10H20O5,[M+H],1,427.305415
Triton X-100,(C2H4O)5 Na,C14H22OC10H20O5,[M+Na],1,449.287358
Triton X-100,(C2H4O)5 NH4,C14H22OC10H20O5,[M+NH4],1,444.331965
Triton X-100,(C2H4O)6,C14H22OC12H24O6,[M+H],1,471.33163
Triton X-100,(C2H4O)6 Na,C14H22OC12H24O6,[M+Na],1,493.313573
Triton X-100,(C2H4O)6 NH4,C14H22OC12H24O6,[M+NH4],1,488.35818
Triton X-100,(C2H4O)7,C14H22OC14H28O7,[M+H],1,515.357845
Triton X-100,(C2H4O)7 Na,C14H22OC14H28O7,[M+Na],1,537.339788
Triton X-100,(C2H4O)7 NH4,C14H22OC14H28O7,[M+NH4],1,532.384394
Triton X-100,(C2H4O)8,C14H22OC16H32O8,[M+H],1,559.38406
Triton X-100,(C2H4O)8 Na,C14H22OC16H32O8,[M+Na],1,581.366003
Triton X-100,(C2H4O)8 NH4,C14H22OC16H32O8,[M+NH4],1,576.410609
Triton X-100,(C2H4O)9,C14H22OC18H36O9,[M+H],1,603.410274
Triton X-100,(C2H4O)9 Na,C14H22OC18H36O9,[M+Na],1,625.392217
Triton X-100,(C2H4O)9 NH4,C14H22OC18H36O9,[M+NH4],1,620.436824
Triton X-100 Reduced ,(C2H4O)1,C14H28OC2H4O1,[M+H],1,257.247506
Triton X-100 Reduced ,(C2H4O)10,C14H28OC20H40O10,[M+H],1,653.483439
Triton X-100 Reduced ,(C2H4O)11,C14H28OC22H44O11,[M+H],1,697.509654
Triton X-100 Reduced ,(C2H4O)12,C14H28OC24H48O12,[M+H],1,741.535869
Triton X-100 Reduced ,(C2H4O)13,C14H28OC26H52O13,[M+H],1,785.562084
Triton X-100 Reduced ,(C2H4O)14,C14H28OC28H56O14,[M+H],1,829.588298
Triton X-100 Reduced ,(C2H4O)15,C14H28OC30H60O15,[M+H],1,873.614513
Triton X-100 Reduced ,(C2H4O)16,C14H28OC32H64O16,[M+H],1,917.640728
Triton X-100 Reduced ,(C2H4O)17,C14H28OC34H68O17,[M+H],1,961.666943
Triton X-100 Reduced ,(C2H4O)18,C14H28OC36H72O18,[M+H],1,1005.693157
Triton X-100 Reduced ,(C2H4O)19,C14H28OC38H76O19,[M+H],1,1049.719372
Triton X-100 Reduced ,(C2H4O)2,C14H28OC4H8O2,[M+H],1,301.273721
Triton X-100 Reduced ,(C2H4O)20,C14H28OC40H80O20,[M+H],1,1093.745587
Triton X-100 Reduced ,(C2H4O)3,C14H28OC6H12O3,[M+H],1,345.299936
Triton X-100 Reduced ,(C2H4O)4,C14H28OC8H16O4,[M+H],1,389.326151
Triton X-100 Reduced ,(C2H4O)5,C14H28OC10H20O5,[M+H],1,433.352365
Triton X-100 Reduced ,(C2H4O)6,C14H28OC12H24O6,[M+H],1,477.37858
Triton X-100 Reduced ,(C2H4O)7,C14H28OC14H28O7,[M+H],1,521.404795
Triton X-100 Reduced ,(C2H4O)8,C14H28OC16H32O8,[M+H],1,565.43101
Triton X-100 Reduced ,(C2H4O)9,C14H28OC18H36O9,[M+H],1,609.457225
Trityl cation,Trityl cation,C19H15,[M+],1,243.116827
Tween 20,(C2H4O) 10 ,C18H34O6C20H40O10,[M+H],1,787.504963
Tween 20,(C2H4O) 10 HN4,C18H34O6C20H40O10,[M+NH4],1,804.531512
Tween 20,(C2H4O) 10 Na,C18H34O6C20H40O10,[M+Na],1,809.486906
Tween 20,(C2H4O) 11 ,C18H34O6C22H44O11,[M+H],1,831.531177
Tween 20,(C2H4O) 11 HN4,C18H34O6C22H44O11,[M+NH4],1,848.557727
Tween 20,(C2H4O) 11 Na,C18H34O6C22H44O11,[M+Na],1,853.513121
Tween 20,(C2H4O) 12 ,C18H34O6C24H48O12,[M+H],1,875.557392
Tween 20,(C2H4O) 12 HN4,C18H34O6C24H48O12,[M+NH4],1,892.583942
Tween 20,(C2H4O) 12 Na,C18H34O6C24H48O12,[M+Na],1,897.539335
Tween 20,(C2H4O) 13 ,C18H34O6C26H52O13,[M+H],1,919.583607
Tween 20,(C2H4O) 13 HN4,C18H34O6C26H52O13,[M+NH4],1,936.610157
Tween 20,(C2H4O) 13 Na,C18H34O6C26H52O13,[M+Na],1,941.56555
Tween 20,(C2H4O) 14 ,C18H34O6C28H56O14,[M+H],1,963.609822
Tween 20,(C2H4O) 14 HN4,C18H34O6C28H56O14,[M+NH4],1,980.636371
Tween 20,(C2H4O) 14 Na,C18H34O6C28H56O14,[M+Na],1,985.591765
Tween 20,(C2H4O) 15 ,C18H34O6C30H60O15,[M+H],1,1007.636037
Tween 20,(C2H4O) 15 HN4,C18H34O6C30H60O15,[M+NH4],1,1024.662586
Tween 20,(C2H4O) 15 Na,C18H34O6C30H60O15,[M+Na],1,1029.61798
Tween 20,(C2H4O) 16 ,C18H34O6C32H64O16,[M+H],1,1051.662251
Tween 20,(C2H4O) 16 HN4,C18H34O6C32H64O16,[M+NH4],1,1068.688801
Tween 20,(C2H4O) 16 Na,C18H34O6C32H64O16,[M+Na],1,1073.644194
Tween 20,(C2H4O) 17 ,C18H34O6C34H68O17,[M+H],1,1095.688466
Tween 20,(C2H4O) 17 HN4,C18H34O6C34H68O17,[M+NH4],1,1112.715016
Tween 20,(C2H4O) 17 Na,C18H34O6C34H68O17,[M+Na],1,1117.670409
Tween 20,(C2H4O) 18 ,C18H34O6C36H72O18,[M+H],1,1139.714681
Tween 20,(C2H4O) 18 HN4,C18H34O6C36H72O18,[M+NH4],1,1156.74123
Tween 20,(C2H4O) 18 Na,C18H34O6C36H72O18,[M+Na],1,1161.696624
Tween 20,(C2H4O) 19 ,C18H34O6C38H76O19,[M+H],1,1183.740896
Tween 20,(C2H4O) 19 HN4,C18H34O6C38H76O19,[M+NH4],1,1200.767445
Tween 20,(C2H4O) 19 Na,C18H34O6C38H76O19,[M+Na],1,1205.722839
Tween 20,(C2H4O) 20 ,C18H34O6C40H80O20,[M+H],1,1227.76711
Tween 20,(C2H4O) 20 HN4,C18H34O6C40H80O20,[M+NH4],1,1244.79366
Tween 20,(C2H4O) 20 Na,C18H34O6C40H80O20,[M+Na],1,1249.749053
Tween 20,(C2H4O) 21 ,C18H34O6C42H84O21,[M+H],1,1271.793325
Tween 20,(C2H4O) 21 HN4,C18H34O6C42H84O21,[M+NH4],1,1288.819875
Tween 20,(C2H4O) 21 Na,C18H34O6C42H84O21,[M+Na],1,1293.775268
Tween 20,(C2H4O) 22 ,C18H34O6C44H88O22,[M+H],1,1315.81954
Tween 20,(C2H4O) 22 HN4,C18H34O6C44H88O22,[M+NH4],1,1332.846089
Tween 20,(C2H4O) 22 Na,C18H34O6C44H88O22,[M+Na],1,1337.801483
Tween 20,(C2H4O) 23 ,C18H34O6C46H92O23,[M+H],1,1359.845755
Tween 20,(C2H4O) 23 HN4,C18H34O6C46H92O23,[M+NH4],1,1376.872304
Tween 20,(C2H4O) 23 Na,C18H34O6C46H92O23,[M+Na],1,1381.827698
Tween 20,(C2H4O) 24 ,C18H34O6C48H96O24,[M+H],1,1403.871969
Tween 20,(C2H4O) 24 HN4,C18H34O6C48H96O24,[M+NH4],1,1420.898519
Tween 20,(C2H4O) 24 Na,C18H34O6C48H96O24,[M+Na],1,1425.853913
Tween 20,(C2H4O) 25 ,C18H34O6C50H100O25,[M+H],1,1447.898184
Tween 20,(C2H4O) 25 HN4,C18H34O6C50H100O25,[M+NH4],1,1464.924734
Tween 20,(C2H4O) 25 Na,C18H34O6C50H100O25,[M+Na],1,1469.880127
Tween 20,(C2H4O) 26 ,C18H34O6C52H104O26,[M+H],1,1491.924399
Tween 20,(C2H4O) 26 HN4,C18H34O6C52H104O26,[M+NH4],1,1508.950949
Tween 20,(C2H4O) 26 Na,C18H34O6C52H104O26,[M+Na],1,1513.906342
Tween 20,(C2H4O) 27 ,C18H34O6C54H108O27,[M+H],1,1535.950614
Tween 20,(C2H4O) 27 HN4,C18H34O6C54H108O27,[M+NH4],1,1552.977163
Tween 20,(C2H4O) 27 Na,C18H34O6C54H108O27,[M+Na],1,1557.932557
Tween 20,(C2H4O) 28 ,C18H34O6C56H112O28,[M+H],1,1579.976829
Tween 20,(C2H4O) 28 HN4,C18H34O6C56H112O28,[M+NH4],1,1597.003378
Tween 20,(C2H4O) 28 Na,C18H34O6C56H112O28,[M+Na],1,1601.958772
Tween 20,(C2H4O) 29 ,C18H34O6C58H116O29,[M+H],1,1624.003043
Tween 20,(C2H4O) 29 HN4,C18H34O6C58H116O29,[M+NH4],1,1641.029593
Tween 20,(C2H4O) 29 Na,C18H34O6C58H116O29,[M+Na],1,1645.984986
Tween 20,(C2H4O) 30 ,C18H34O6C60H120O30,[M+H],1,1668.029258
Tween 20,(C2H4O) 30 HN4,C18H34O6C60H120O30,[M+NH4],1,1685.055808
Tween 20,(C2H4O) 30 Na,C18H34O6C60H120O30,[M+Na],1,1690.011201
Tween 20,(C2H4O) 31 ,C18H34O6C62H124O31,[M+H],1,1712.055473
Tween 20,(C2H4O) 31 HN4,C18H34O6C62H124O31,[M+NH4],1,1729.082022
Tween 20,(C2H4O) 31 Na,C18H34O6C62H124O31,[M+Na],1,1734.037416
Tween 20,(C2H4O) 32 ,C18H34O6C64H128O32,[M+H],1,1756.081688
Tween 20,(C2H4O) 32 HN4,C18H34O6C64H128O32,[M+NH4],1,1773.108237
Tween 20,(C2H4O) 32 Na,C18H34O6C64H128O32,[M+Na],1,1778.063631
Tween 40,(C2H4O) 10 ,C22H42O6C20H40O10,[M+H],1,843.567563
Tween 40,(C2H4O) 10 HN4,C22H42O6C20H40O10,[M+NH4],1,860.594113
Tween 40,(C2H4O) 10 Na,C22H42O6C20H40O10,[M+Na],1,865.549506
Tween 40,(C2H4O) 11 ,C22H42O6C22H44O11,[M+H],1,887.593778
Tween 40,(C2H4O) 11 HN4,C22H42O6C22H44O11,[M+NH4],1,904.620327
Tween 40,(C2H4O) 11 Na,C22H42O6C22H44O11,[M+Na],1,909.575721
Tween 40,(C2H4O) 12 ,C22H42O6C24H48O12,[M+H],1,931.619992
Tween 40,(C2H4O) 12 HN4,C22H42O6C24H48O12,[M+NH4],1,948.646542
Tween 40,(C2H4O) 12 Na,C22H42O6C24H48O12,[M+Na],1,953.601936
Tween 40,(C2H4O) 13 ,C22H42O6C26H52O13,[M+H],1,975.646207
Tween 40,(C2H4O) 13 HN4,C22H42O6C26H52O13,[M+NH4],1,992.672757
Tween 40,(C2H4O) 13 Na,C22H42O6C26H52O13,[M+Na],1,997.62815
Tween 40,(C2H4O) 14 ,C22H42O6C28H56O14,[M+H],1,1019.672422
Tween 40,(C2H4O) 14 HN4,C22H42O6C28H56O14,[M+NH4],1,1036.698972
Tween 40,(C2H4O) 14 Na,C22H42O6C28H56O14,[M+Na],1,1041.654365
Tween 40,(C2H4O) 15 ,C22H42O6C30H60O15,[M+H],1,1063.698637
Tween 40,(C2H4O) 15 HN4,C22H42O6C30H60O15,[M+NH4],1,1080.725186
Tween 40,(C2H4O) 15 Na,C22H42O6C30H60O15,[M+Na],1,1085.68058
Tween 40,(C2H4O) 16 ,C22H42O6C32H64O16,[M+H],1,1107.724852
Tween 40,(C2H4O) 16 HN4,C22H42O6C32H64O16,[M+NH4],1,1124.751401
Tween 40,(C2H4O) 16 Na,C22H42O6C32H64O16,[M+Na],1,1129.706795
Tween 40,(C2H4O) 17 ,C22H42O6C34H68O17,[M+H],1,1151.751066
Tween 40,(C2H4O) 17 HN4,C22H42O6C34H68O17,[M+NH4],1,1168.777616
Tween 40,(C2H4O) 17 Na,C22H42O6C34H68O17,[M+Na],1,1173.733009
Tween 40,(C2H4O) 18 ,C22H42O6C36H72O18,[M+H],1,1195.777281
Tween 40,(C2H4O) 18 HN4,C22H42O6C36H72O18,[M+NH4],1,1212.803831
Tween 40,(C2H4O) 18 Na,C22H42O6C36H72O18,[M+Na],1,1217.759224
Tween 40,(C2H4O) 19 ,C22H42O6C38H76O19,[M+H],1,1239.803496
Tween 40,(C2H4O) 19 HN4,C22H42O6C38H76O19,[M+NH4],1,1256.830045
Tween 40,(C2H4O) 19 Na,C22H42O6C38H76O19,[M+Na],1,1261.785439
Tween 40,(C2H4O) 20 ,C22H42O6C40H80O20,[M+H],1,1283.829711
Tween 40,(C2H4O) 20 HN4,C22H42O6C40H80O20,[M+NH4],1,1300.85626
Tween 40,(C2H4O) 20 Na,C22H42O6C40H80O20,[M+Na],1,1305.811654
Tween 40,(C2H4O) 21 ,C22H42O6C42H84O21,[M+H],1,1327.855925
Tween 40,(C2H4O) 21 HN4,C22H42O6C42H84O21,[M+NH4],1,1344.882475
Tween 40,(C2H4O) 21 Na,C22H42O6C42H84O21,[M+Na],1,1349.837869
Tween 40,(C2H4O) 22 ,C22H42O6C44H88O22,[M+H],1,1371.88214
Tween 40,(C2H4O) 22 HN4,C22H42O6C44H88O22,[M+NH4],1,1388.90869
Tween 40,(C2H4O) 22 Na,C22H42O6C44H88O22,[M+Na],1,1393.864083
Tween 40,(C2H4O) 23 ,C22H42O6C46H92O23,[M+H],1,1415.908355
Tween 40,(C2H4O) 23 HN4,C22H42O6C46H92O23,[M+NH4],1,1432.934905
Tween 40,(C2H4O) 23 Na,C22H42O6C46H92O23,[M+Na],1,1437.890298
Tween 40,(C2H4O) 24 ,C22H42O6C48H96O24,[M+H],1,1459.93457
Tween 40,(C2H4O) 24 HN4,C22H42O6C48H96O24,[M+NH4],1,1476.961119
Tween 40,(C2H4O) 24 Na,C22H42O6C48H96O24,[M+Na],1,1481.916513
Tween 40,(C2H4O) 25 ,C22H42O6C50H100O25,[M+H],1,1503.960785
Tween 40,(C2H4O) 25 HN4,C22H42O6C50H100O25,[M+NH4],1,1520.987334
Tween 40,(C2H4O) 25 Na,C22H42O6C50H100O25,[M+Na],1,1525.942728
Tween 40,(C2H4O) 26 ,C22H42O6C52H104O26,[M+H],1,1547.986999
Tween 40,(C2H4O) 26 HN4,C22H42O6C52H104O26,[M+NH4],1,1565.013549
Tween 40,(C2H4O) 26 Na,C22H42O6C52H104O26,[M+Na],1,1569.968942
Tween 40,(C2H4O) 27 ,C22H42O6C54H108O27,[M+H],1,1592.013214
Tween 40,(C2H4O) 27 HN4,C22H42O6C54H108O27,[M+NH4],1,1609.039764
Tween 40,(C2H4O) 27 Na,C22H42O6C54H108O27,[M+Na],1,1613.995157
Tween 40,(C2H4O) 28 ,C22H42O6C56H112O28,[M+H],1,1636.039429
Tween 40,(C2H4O) 28 HN4,C22H42O6C56H112O28,[M+NH4],1,1653.065978
Tween 40,(C2H4O) 28 Na,C22H42O6C56H112O28,[M+Na],1,1658.021372
Tween 40,(C2H4O) 29 ,C22H42O6C58H116O29,[M+H],1,1680.065644
Tween 40,(C2H4O) 29 HN4,C22H42O6C58H116O29,[M+NH4],1,1697.092193
Tween 40,(C2H4O) 29 Na,C22H42O6C58H116O29,[M+Na],1,1702.047587
Tween 40,(C2H4O) 30 ,C22H42O6C60H120O30,[M+H],1,1724.091858
Tween 40,(C2H4O) 30 HN4,C22H42O6C60H120O30,[M+NH4],1,1741.118408
Tween 40,(C2H4O) 30 Na,C22H42O6C60H120O30,[M+Na],1,1746.073801
Tween 40,(C2H4O) 31 ,C22H42O6C62H124O31,[M+H],1,1768.118073
Tween 40,(C2H4O) 31 HN4,C22H42O6C62H124O31,[M+NH4],1,1785.144623
Tween 40,(C2H4O) 31 Na,C22H42O6C62H124O31,[M+Na],1,1790.100016
Tween 40,(C2H4O) 32 ,C22H42O6C64H128O32,[M+H],1,1812.144288
Tween 40,(C2H4O) 32 HN4,C22H42O6C64H128O32,[M+NH4],1,1829.170837
Tween 40,(C2H4O) 32 Na,C22H42O6C64H128O32,[M+Na],1,1834.126231
Tween 60,(C2H4O) 10 ,C24H46O6C20H40O10,[M+H],1,871.598863
Tween 60,(C2H4O) 10 HN4,C24H46O6C20H40O10,[M+NH4],1,888.625413
Tween 60,(C2H4O) 10 Na,C24H46O6C20H40O10,[M+Na],1,893.580806
Tween 60,(C2H4O) 11 ,C24H46O6C22H44O11,[M+H],1,915.625078
Tween 60,(C2H4O) 11 HN4,C24H46O6C22H44O11,[M+NH4],1,932.651627
Tween 60,(C2H4O) 11 Na,C24H46O6C22H44O11,[M+Na],1,937.607021
Tween 60,(C2H4O) 12 ,C24H46O6C24H48O12,[M+H],1,959.651293
Tween 60,(C2H4O) 12 HN4,C24H46O6C24H48O12,[M+NH4],1,976.677842
Tween 60,(C2H4O) 12 Na,C24H46O6C24H48O12,[M+Na],1,981.633236
Tween 60,(C2H4O) 13 ,C24H46O6C26H52O13,[M+H],1,1003.677507
Tween 60,(C2H4O) 13 HN4,C24H46O6C26H52O13,[M+NH4],1,1020.704057
Tween 60,(C2H4O) 13 Na,C24H46O6C26H52O13,[M+Na],1,1025.659451
Tween 60,(C2H4O) 14 ,C24H46O6C28H56O14,[M+H],1,1047.703722
Tween 60,(C2H4O) 14 HN4,C24H46O6C28H56O14,[M+NH4],1,1064.730272
Tween 60,(C2H4O) 14 Na,C24H46O6C28H56O14,[M+Na],1,1069.685665
Tween 60,(C2H4O) 15 ,C24H46O6C30H60O15,[M+H],1,1091.729937
Tween 60,(C2H4O) 15 HN4,C24H46O6C30H60O15,[M+NH4],1,1108.756487
Tween 60,(C2H4O) 15 Na,C24H46O6C30H60O15,[M+Na],1,1113.71188
Tween 60,(C2H4O) 16 ,C24H46O6C32H64O16,[M+H],1,1135.756152
Tween 60,(C2H4O) 16 HN4,C24H46O6C32H64O16,[M+NH4],1,1152.782701
Tween 60,(C2H4O) 16 Na,C24H46O6C32H64O16,[M+Na],1,1157.738095
Tween 60,(C2H4O) 17 ,C24H46O6C34H68O17,[M+H],1,1179.782366
Tween 60,(C2H4O) 17 HN4,C24H46O6C34H68O17,[M+NH4],1,1196.808916
Tween 60,(C2H4O) 17 Na,C24H46O6C34H68O17,[M+Na],1,1201.76431
Tween 60,(C2H4O) 18 ,C24H46O6C36H72O18,[M+H],1,1223.808581
Tween 60,(C2H4O) 18 HN4,C24H46O6C36H72O18,[M+NH4],1,1240.835131
Tween 60,(C2H4O) 18 Na,C24H46O6C36H72O18,[M+Na],1,1245.790524
Tween 60,(C2H4O) 19 ,C24H46O6C38H76O19,[M+H],1,1267.834796
Tween 60,(C2H4O) 19 HN4,C24H46O6C38H76O19,[M+NH4],1,1284.861346
Tween 60,(C2H4O) 19 Na,C24H46O6C38H76O19,[M+Na],1,1289.816739
Tween 60,(C2H4O) 20 ,C24H46O6C40H80O20,[M+H],1,1311.861011
Tween 60,(C2H4O) 20 HN4,C24H46O6C40H80O20,[M+NH4],1,1328.88756
Tween 60,(C2H4O) 20 Na,C24H46O6C40H80O20,[M+Na],1,1333.842954
Tween 60,(C2H4O) 21 ,C24H46O6C42H84O21,[M+H],1,1355.887226
Tween 60,(C2H4O) 21 HN4,C24H46O6C42H84O21,[M+NH4],1,1372.913775
Tween 60,(C2H4O) 21 Na,C24H46O6C42H84O21,[M+Na],1,1377.869169
Tween 60,(C2H4O) 22 ,C24H46O6C44H88O22,[M+H],1,1399.91344
Tween 60,(C2H4O) 22 HN4,C24H46O6C44H88O22,[M+NH4],1,1416.93999
Tween 60,(C2H4O) 22 Na,C24H46O6C44H88O22,[M+Na],1,1421.895383
Tween 60,(C2H4O) 23 ,C24H46O6C46H92O23,[M+H],1,1443.939655
Tween 60,(C2H4O) 23 HN4,C24H46O6C46H92O23,[M+NH4],1,1460.966205
Tween 60,(C2H4O) 23 Na,C24H46O6C46H92O23,[M+Na],1,1465.921598
Tween 60,(C2H4O) 24 ,C24H46O6C48H96O24,[M+H],1,1487.96587
Tween 60,(C2H4O) 24 HN4,C24H46O6C48H96O24,[M+NH4],1,1504.992419
Tween 60,(C2H4O) 24 Na,C24H46O6C48H96O24,[M+Na],1,1509.947813
Tween 60,(C2H4O) 25 ,C24H46O6C50H100O25,[M+H],1,1531.992085
Tween 60,(C2H4O) 25 HN4,C24H46O6C50H100O25,[M+NH4],1,1549.018634
Tween 60,(C2H4O) 25 Na,C24H46O6C50H100O25,[M+Na],1,1553.974028
Tween 60,(C2H4O) 26 ,C24H46O6C52H104O26,[M+H],1,1576.018299
Tween 60,(C2H4O) 26 HN4,C24H46O6C52H104O26,[M+NH4],1,1593.044849
Tween 60,(C2H4O) 26 Na,C24H46O6C52H104O26,[M+Na],1,1598.000243
Tween 60,(C2H4O) 27 ,C24H46O6C54H108O27,[M+H],1,1620.044514
Tween 60,(C2H4O) 27 HN4,C24H46O6C54H108O27,[M+NH4],1,1637.071064
Tween 60,(C2H4O) 27 Na,C24H46O6C54H108O27,[M+Na],1,1642.026457
Tween 60,(C2H4O) 28 ,C24H46O6C56H112O28,[M+H],1,1664.070729
Tween 60,(C2H4O) 28 HN4,C24H46O6C56H112O28,[M+NH4],1,1681.097279
Tween 60,(C2H4O) 28 Na,C24H46O6C56H112O28,[M+Na],1,1686.052672
Tween 60,(C2H4O) 29 ,C24H46O6C58H116O29,[M+H],1,1708.096944
Tween 60,(C2H4O) 29 HN4,C24H46O6C58H116O29,[M+NH4],1,1725.123493
Tween 60,(C2H4O) 29 Na,C24H46O6C58H116O29,[M+Na],1,1730.078887
Tween 60,(C2H4O) 30 ,C24H46O6C60H120O30,[M+H],1,1752.123158
Tween 60,(C2H4O) 30 HN4,C24H46O6C60H120O30,[M+NH4],1,1769.149708
Tween 60,(C2H4O) 30 Na,C24H46O6C60H120O30,[M+Na],1,1774.105102
Tween 60,(C2H4O) 31 ,C24H46O6C62H124O31,[M+H],1,1796.149373
Tween 60,(C2H4O) 31 HN4,C24H46O6C62H124O31,[M+NH4],1,1813.175923
Tween 60,(C2H4O) 31 Na,C24H46O6C62H124O31,[M+Na],1,1818.131316
Tween 60,(C2H4O) 32 ,C24H46O6C64H128O32,[M+H],1,1840.175588
Tween 60,(C2H4O) 32 HN4,C24H46O6C64H128O32,[M+NH4],1,1857.202138
Tween 60,(C2H4O) 32 Na,C24H46O6C64H128O32,[M+Na],1,1862.157531
Tween 80,(C2H4O) 10 ,C24H44O6C20H40O10,[M+H],1,869.583213
Tween 80,(C2H4O) 10 HN4,C24H44O6C20H40O10,[M+NH4],1,886.609763
Tween 80,(C2H4O) 10 Na,C24H44O6C20H40O10,[M+Na],1,891.565156
Tween 80,(C2H4O) 11 ,C24H44O6C22H44O11,[M+H],1,913.609428
Tween 80,(C2H4O) 11 HN4,C24H44O6C22H44O11,[M+NH4],1,930.635977
Tween 80,(C2H4O) 11 Na,C24H44O6C22H44O11,[M+Na],1,935.591371
Tween 80,(C2H4O) 12 ,C24H44O6C24H48O12,[M+H],1,957.635643
Tween 80,(C2H4O) 12 HN4,C24H44O6C24H48O12,[M+NH4],1,974.662192
Tween 80,(C2H4O) 12 Na,C24H44O6C24H48O12,[M+Na],1,979.617586
Tween 80,(C2H4O) 13 ,C24H44O6C26H52O13,[M+H],1,1001.661857
Tween 80,(C2H4O) 13 HN4,C24H44O6C26H52O13,[M+NH4],1,1018.688407
Tween 80,(C2H4O) 13 Na,C24H44O6C26H52O13,[M+Na],1,1023.6438
Tween 80,(C2H4O) 14 ,C24H44O6C28H56O14,[M+H],1,1045.688072
Tween 80,(C2H4O) 14 HN4,C24H44O6C28H56O14,[M+NH4],1,1062.714622
Tween 80,(C2H4O) 14 Na,C24H44O6C28H56O14,[M+Na],1,1067.670015
Tween 80,(C2H4O) 15 ,C24H44O6C30H60O15,[M+H],1,1089.714287
Tween 80,(C2H4O) 15 HN4,C24H44O6C30H60O15,[M+NH4],1,1106.740836
Tween 80,(C2H4O) 15 Na,C24H44O6C30H60O15,[M+Na],1,1111.69623
Tween 80,(C2H4O) 16 ,C24H44O6C32H64O16,[M+H],1,1133.740502
Tween 80,(C2H4O) 16 HN4,C24H44O6C32H64O16,[M+NH4],1,1150.767051
Tween 80,(C2H4O) 16 Na,C24H44O6C32H64O16,[M+Na],1,1155.722445
Tween 80,(C2H4O) 17 ,C24H44O6C34H68O17,[M+H],1,1177.766716
Tween 80,(C2H4O) 17 HN4,C24H44O6C34H68O17,[M+NH4],1,1194.793266
Tween 80,(C2H4O) 17 Na,C24H44O6C34H68O17,[M+Na],1,1199.74866
Tween 80,(C2H4O) 18 ,C24H44O6C36H72O18,[M+H],1,1221.792931
Tween 80,(C2H4O) 18 HN4,C24H44O6C36H72O18,[M+NH4],1,1238.819481
Tween 80,(C2H4O) 18 Na,C24H44O6C36H72O18,[M+Na],1,1243.774874
Tween 80,(C2H4O) 19 ,C24H44O6C38H76O19,[M+H],1,1265.819146
Tween 80,(C2H4O) 19 HN4,C24H44O6C38H76O19,[M+NH4],1,1282.845696
Tween 80,(C2H4O) 19 Na,C24H44O6C38H76O19,[M+Na],1,1287.801089
Tween 80,(C2H4O) 20 ,C24H44O6C40H80O20,[M+H],1,1309.845361
Tween 80,(C2H4O) 20 HN4,C24H44O6C40H80O20,[M+NH4],1,1326.87191
Tween 80,(C2H4O) 20 Na,C24H44O6C40H80O20,[M+Na],1,1331.827304
Tween 80,(C2H4O) 21 ,C24H44O6C42H84O21,[M+H],1,1353.871575
Tween 80,(C2H4O) 21 HN4,C24H44O6C42H84O21,[M+NH4],1,1370.898125
Tween 80,(C2H4O) 21 Na,C24H44O6C42H84O21,[M+Na],1,1375.853519
Tween 80,(C2H4O) 22 ,C24H44O6C44H88O22,[M+H],1,1397.89779
Tween 80,(C2H4O) 22 HN4,C24H44O6C44H88O22,[M+NH4],1,1414.92434
Tween 80,(C2H4O) 22 Na,C24H44O6C44H88O22,[M+Na],1,1419.879733
Tween 80,(C2H4O) 23 ,C24H44O6C46H92O23,[M+H],1,1441.924005
Tween 80,(C2H4O) 23 HN4,C24H44O6C46H92O23,[M+NH4],1,1458.950555
Tween 80,(C2H4O) 23 Na,C24H44O6C46H92O23,[M+Na],1,1463.905948
Tween 80,(C2H4O) 24 ,C24H44O6C48H96O24,[M+H],1,1485.95022
Tween 80,(C2H4O) 24 HN4,C24H44O6C48H96O24,[M+NH4],1,1502.976769
Tween 80,(C2H4O) 24 Na,C24H44O6C48H96O24,[M+Na],1,1507.932163
Tween 80,(C2H4O) 25 ,C24H44O6C50H100O25,[M+H],1,1529.976435
Tween 80,(C2H4O) 25 HN4,C24H44O6C50H100O25,[M+NH4],1,1547.002984
Tween 80,(C2H4O) 25 Na,C24H44O6C50H100O25,[M+Na],1,1551.958378
Tween 80,(C2H4O) 26 ,C24H44O6C52H104O26,[M+H],1,1574.002649
Tween 80,(C2H4O) 26 HN4,C24H44O6C52H104O26,[M+NH4],1,1591.029199
Tween 80,(C2H4O) 26 Na,C24H44O6C52H104O26,[M+Na],1,1595.984592
Tween 80,(C2H4O) 27 ,C24H44O6C54H108O27,[M+H],1,1618.028864
Tween 80,(C2H4O) 27 HN4,C24H44O6C54H108O27,[M+NH4],1,1635.055414
Tween 80,(C2H4O) 27 Na,C24H44O6C54H108O27,[M+Na],1,1640.010807
Tween 80,(C2H4O) 28 ,C24H44O6C56H112O28,[M+H],1,1662.055079
Tween 80,(C2H4O) 28 HN4,C24H44O6C56H112O28,[M+NH4],1,1679.081628
Tween 80,(C2H4O) 28 Na,C24H44O6C56H112O28,[M+Na],1,1684.037022
Tween 80,(C2H4O) 29 ,C24H44O6C58H116O29,[M+H],1,1706.081294
Tween 80,(C2H4O) 29 HN4,C24H44O6C58H116O29,[M+NH4],1,1723.107843
Tween 80,(C2H4O) 29 Na,C24H44O6C58H116O29,[M+Na],1,1728.063237
Tween 80,(C2H4O) 30 ,C24H44O6C60H120O30,[M+H],1,1750.107508
Tween 80,(C2H4O) 30 HN4,C24H44O6C60H120O30,[M+NH4],1,1767.134058
Tween 80,(C2H4O) 30 Na,C24H44O6C60H120O30,[M+Na],1,1772.089452
Tween 80,(C2H4O) 31 ,C24H44O6C62H124O31,[M+H],1,1794.133723
Tween 80,(C2H4O) 31 HN4,C24H44O6C62H124O31,[M+NH4],1,1811.160273
Tween 80,(C2H4O) 31 Na,C24H44O6C62H124O31,[M+Na],1,1816.115666
Tween 80,(C2H4O) 32 ,C24H44O6C64H128O32,[M+H],1,1838.159938
Tween 80,(C2H4O) 32 HN4,C24H44O6C64H128O32,[M+NH4],1,1855.186488
Tween 80,(C2H4O) 32 Na,C24H44O6C64H128O32,[M+Na],1,1860.141881
